ID,poutcome
24013,failure
24019,failure
24076,failure
24102,failure
24108,success
24113,failure
24124,failure
24135,failure
24139,failure
24140,failure
24143,failure
24146,failure
24157,failure
24161,failure
24166,failure
24168,failure
24173,failure
24188,failure
24190,failure
24196,failure
24198,failure
24207,failure
24208,failure
24235,failure
24250,failure
24251,failure
24256,failure
24259,failure
24261,failure
24264,success
24265,failure
24266,failure
24276,failure
24279,success
24285,failure
24289,failure
24292,failure
24294,failure
24299,failure
24301,failure
24303,failure
24325,failure
24328,failure
24341,failure
24353,failure
24358,failure
24362,failure
24363,failure
24372,failure
24373,failure
24375,failure
24379,failure
24382,failure
24385,failure
24386,failure
24388,failure
24392,failure
24397,success
24399,failure
24411,failure
24415,failure
24417,failure
24430,failure
24433,failure
24439,failure
24444,failure
24445,failure
24446,failure
24455,failure
24457,failure
24459,failure
24463,failure
24464,failure
24467,failure
24470,failure
24482,success
24487,failure
24491,failure
24504,failure
24506,failure
24518,failure
24519,failure
24525,failure
24529,failure
24531,failure
24541,failure
24542,failure
24551,failure
24553,failure
24555,failure
24557,failure
24563,failure
24567,failure
24571,failure
24574,failure
24578,failure
24579,failure
24580,failure
24595,failure
24600,failure
24602,failure
24603,failure
24606,failure
24609,failure
24613,success
24614,failure
24617,failure
24623,failure
24624,failure
24625,failure
24627,failure
24628,failure
24630,failure
24632,failure
24642,failure
24643,failure
24656,failure
24662,failure
24668,failure
24670,failure
24673,failure
24679,failure
24682,failure
24690,failure
24694,failure
24695,failure
24696,failure
24698,failure
24699,failure
24705,failure
24712,failure
24715,failure
24717,failure
24720,failure
24728,failure
24730,failure
24736,failure
24738,failure
24740,failure
24755,failure
24760,failure
24761,failure
24762,failure
24767,failure
24770,failure
24782,failure
24787,failure
24788,failure
24789,failure
24795,failure
24799,success
24801,failure
24810,failure
24819,failure
24827,failure
24845,failure
24846,failure
24850,success
24853,failure
24858,failure
24861,failure
24866,failure
24869,failure
24873,failure
24875,failure
24876,failure
24878,failure
24889,failure
24898,failure
24901,failure
24905,failure
24906,failure
24908,failure
24910,success
24916,failure
24917,failure
24921,failure
24923,failure
24929,failure
24933,failure
24934,failure
24940,failure
24943,failure
24949,failure
24954,failure
24956,failure
24962,failure
24965,failure
24968,failure
24976,failure
24981,failure
24984,failure
24988,failure
24989,failure
24990,failure
24997,failure
25001,failure
25003,failure
25004,failure
25009,failure
25010,failure
25017,failure
25018,failure
25027,failure
25028,failure
25035,failure
25040,failure
25048,failure
25049,failure
25053,success
25061,failure
25069,failure
25070,failure
25073,failure
25075,failure
25076,failure
25079,failure
25086,failure
25095,failure
25096,failure
25115,failure
25120,failure
25124,failure
25128,failure
25130,failure
25132,failure
25134,failure
25144,failure
25148,failure
25149,failure
25153,failure
25156,failure
25157,failure
25162,failure
25164,failure
25166,failure
25168,failure
25174,failure
25185,failure
25190,failure
25193,failure
25197,failure
25211,failure
25212,failure
25216,failure
25219,failure
25221,failure
25227,failure
25228,failure
25234,failure
25238,failure
25242,failure
25245,failure
25264,failure
25269,failure
25271,failure
25274,success
25276,failure
25277,failure
25280,failure
25281,failure
25285,failure
25287,failure
25288,failure
25292,failure
25293,success
25299,failure
25305,failure
25322,failure
25333,failure
25336,failure
25338,failure
25341,failure
25342,failure
25344,failure
25350,failure
25359,failure
25362,failure
25363,failure
25364,failure
25365,failure
25369,failure
25370,failure
25374,failure
25375,failure
25379,failure
25383,failure
25387,failure
25388,failure
25389,failure
25392,failure
25393,failure
25397,failure
25398,failure
25400,failure
25401,failure
25420,failure
25421,failure
25430,failure
25436,failure
25440,failure
25442,failure
25446,failure
25454,success
25455,failure
25461,failure
25462,failure
25463,failure
25464,failure
25466,failure
25468,failure
25474,failure
25475,failure
25477,failure
25481,failure
25484,failure
25497,success
25499,failure
25503,failure
25504,success
25506,failure
25507,failure
25510,failure
25518,failure
25519,success
25534,failure
25537,failure
25542,failure
25545,failure
25546,failure
25554,failure
25555,failure
25561,failure
25577,failure
25581,failure
25592,failure
25598,failure
25600,failure
25604,failure
25607,failure
25612,failure
25614,failure
25623,failure
25634,failure
25641,failure
25658,failure
25659,failure
25661,failure
25667,failure
25676,failure
25684,failure
25685,failure
25692,failure
25693,failure
25703,success
25705,failure
25708,failure
25720,failure
25722,failure
25728,failure
25734,failure
25739,failure
25742,failure
25745,failure
25747,failure
25749,failure
25755,failure
25756,failure
25762,failure
25764,failure
25766,failure
25771,failure
25775,failure
25779,failure
25781,failure
25783,failure
25786,failure
25788,failure
25803,failure
25814,failure
25817,failure
25821,failure
25823,failure
25825,failure
25831,failure
25836,failure
25843,failure
25846,failure
25849,failure
25850,failure
25853,success
25856,failure
25866,failure
25867,failure
25872,success
25874,failure
25876,failure
25877,failure
25882,failure
25887,failure
25888,failure
25895,failure
25897,failure
25905,failure
25917,failure
25921,failure
25922,failure
25927,failure
25935,failure
25940,failure
25944,failure
25953,failure
25955,failure
25961,failure
25963,failure
25966,failure
25972,failure
25977,failure
25978,failure
25979,failure
25982,failure
25991,failure
25996,success
25999,failure
26001,failure
26002,failure
26003,failure
26010,failure
26020,failure
26023,failure
26034,failure
26044,failure
26047,failure
26048,failure
26052,failure
26061,failure
26063,failure
26068,failure
26079,failure
26082,failure
26085,failure
26086,failure
26090,failure
26092,failure
26093,failure
26096,failure
26104,success
26114,failure
26119,failure
26136,failure
26140,failure
26144,failure
26148,failure
26150,failure
26154,failure
26156,failure
26166,success
26168,success
26172,failure
26185,failure
26192,failure
26194,success
26197,success
26207,failure
26217,failure
26219,failure
26225,failure
26228,failure
26243,success
26246,failure
26249,failure
26250,failure
26258,failure
26264,failure
26275,failure
26295,failure
26300,failure
26302,failure
26303,failure
26311,failure
26316,failure
26321,failure
26322,failure
26326,failure
26328,failure
26334,failure
26335,failure
26338,failure
26341,failure
26346,failure
26358,failure
26365,failure
26368,success
26371,failure
26383,failure
26396,failure
26405,failure
26409,failure
26428,failure
26441,failure
26444,failure
26448,failure
26460,failure
26468,failure
26471,failure
26474,failure
26476,failure
26479,failure
26480,failure
26481,failure
26486,failure
26494,failure
26504,failure
26511,failure
26513,failure
26519,failure
26522,failure
26526,failure
26529,failure
26532,failure
26539,failure
26549,success
26564,failure
26570,failure
26574,failure
26584,failure
26598,failure
26601,failure
26604,failure
26605,failure
26609,failure
26625,failure
26630,failure
26636,failure
26646,failure
26649,failure
26652,failure
26654,failure
26657,failure
26663,failure
26672,failure
26674,failure
26676,failure
26686,failure
26700,failure
26705,failure
26709,failure
26712,failure
26713,failure
26725,failure
26742,failure
26746,failure
26748,success
26756,failure
26758,failure
26760,failure
26764,failure
26765,failure
26780,failure
26790,failure
26798,failure
26799,failure
26801,failure
26804,failure
26809,failure
26811,failure
26815,failure
26818,failure
26826,failure
26829,failure
26837,failure
26841,failure
26848,failure
26868,failure
26874,failure
26879,failure
26894,failure
26915,failure
26917,failure
26921,failure
26924,failure
26932,failure
26933,failure
26941,failure
26942,failure
26943,failure
26952,failure
26972,success
26973,failure
26975,failure
26982,failure
26993,failure
27002,failure
27009,failure
27013,failure
27015,failure
27018,failure
27023,failure
27035,failure
27037,failure
27049,failure
27050,success
27052,failure
27054,failure
27062,failure
27063,failure
27065,failure
27072,failure
27075,failure
27076,failure
27080,failure
27083,failure
27087,failure
27088,failure
27096,failure
27100,failure
27104,failure
27109,failure
27122,failure
27131,failure
27144,failure
27146,failure
27149,failure
27151,failure
27158,failure
27160,failure
27189,failure
27190,failure
27193,failure
27194,failure
27206,failure
27207,failure
27212,failure
27214,failure
27218,failure
27221,failure
27226,failure
27228,failure
27229,failure
27234,failure
27235,failure
27241,failure
27243,failure
27246,failure
27249,failure
27254,failure
27258,failure
27262,failure
27273,failure
27278,failure
27286,failure
27297,failure
27298,failure
27303,failure
27304,failure
27312,failure
27315,failure
27316,failure
27317,failure
27323,failure
27324,failure
27325,failure
27330,failure
27333,failure
27340,failure
27345,failure
27350,failure
27351,failure
27355,failure
27356,failure
27368,failure
27369,failure
27373,success
27378,failure
27387,failure
27390,failure
27393,failure
27396,failure
27401,failure
27412,failure
27416,failure
27418,failure
27423,failure
27431,failure
27443,failure
27448,failure
27454,failure
27456,failure
27463,failure
27467,success
27469,failure
27473,failure
27474,failure
27475,failure
27478,success
27482,failure
27484,failure
27487,failure
27493,failure
27497,failure
27504,failure
27505,failure
27512,failure
27514,failure
27525,failure
27536,failure
27549,failure
27550,failure
27552,failure
27553,failure
27558,failure
27566,failure
27582,failure
27586,failure
27593,failure
27595,failure
27607,failure
27608,failure
27610,failure
27611,failure
27615,failure
27619,failure
27620,failure
27627,failure
27629,failure
27634,failure
27641,failure
27642,failure
27654,failure
27658,success
27665,failure
27666,failure
27674,failure
27681,failure
27695,failure
27738,failure
27764,success
27768,success
27773,failure
27776,failure
27778,failure
27780,failure
27791,failure
27804,failure
27832,failure
27837,failure
27838,failure
27840,success
27849,failure
27867,failure
27878,failure
27900,failure
27902,failure
27916,failure
27947,failure
27967,failure
27983,failure
27986,failure
27990,failure
27991,success
27996,failure
27999,failure
28001,failure
28012,failure
28014,failure
28016,failure
28019,failure
28020,failure
28021,success
28024,failure
28030,failure
28031,failure
28032,failure
28035,failure
28040,failure
28042,failure
28049,failure
28055,failure
28059,failure
28060,failure
28062,failure
28064,failure
28068,failure
28069,failure
28073,failure
28074,failure
28075,failure
28076,failure
28080,failure
28081,failure
28086,failure
28089,failure
28092,failure
28093,failure
28098,failure
28101,success
28105,failure
28106,failure
28108,failure
28109,failure
28112,failure
28114,failure
28119,failure
28121,failure
28122,success
28123,failure
28129,failure
28130,failure
28132,failure
28133,failure
28140,failure
28141,failure
28145,failure
28147,failure
28148,failure
28159,failure
28165,failure
28167,success
28169,failure
28170,failure
28174,failure
28182,failure
28184,failure
28187,failure
28188,failure
28189,failure
28196,failure
28197,failure
28209,failure
28213,failure
28216,failure
28218,failure
28222,success
28223,failure
28227,failure
28229,failure
28232,failure
28233,failure
28235,failure
28242,failure
28243,failure
28249,failure
28253,failure
28254,failure
28266,failure
28268,failure
28269,failure
28273,failure
28283,failure
28284,failure
28287,failure
28291,failure
28292,failure
28293,failure
28295,failure
28296,failure
28298,success
28300,failure
28318,failure
28327,failure
28329,failure
28331,failure
28334,failure
28336,failure
28355,failure
28360,failure
28361,failure
28362,failure
28371,failure
28373,failure
28380,failure
28382,failure
28384,failure
28386,failure
28391,failure
28392,failure
28393,failure
28399,failure
28401,failure
28406,failure
28409,failure
28410,failure
28411,failure
28412,failure
28415,failure
28419,failure
28425,failure
28430,failure
28432,failure
28433,failure
28436,failure
28437,failure
28438,failure
28440,failure
28448,failure
28449,failure
28454,failure
28457,failure
28459,failure
28464,failure
28469,failure
28472,failure
28474,failure
28481,failure
28483,failure
28507,failure
28509,failure
28510,failure
28515,failure
28516,failure
28525,failure
28528,failure
28535,failure
28537,failure
28538,failure
28540,failure
28543,failure
28545,failure
28547,failure
28560,failure
28565,failure
28567,failure
28568,failure
28590,failure
28594,failure
28600,failure
28609,failure
28613,failure
28614,failure
28618,failure
28621,failure
28622,success
28623,failure
28634,failure
28636,failure
28640,failure
28642,failure
28644,failure
28646,failure
28650,failure
28652,failure
28654,failure
28655,failure
28657,failure
28662,failure
28663,failure
28667,failure
28669,failure
28671,failure
28674,failure
28676,success
28677,failure
28682,failure
28685,failure
28687,failure
28688,failure
28689,failure
28695,failure
28696,failure
28698,failure
28703,failure
28706,failure
28709,success
28710,failure
28711,failure
28721,failure
28723,failure
28728,failure
28729,failure
28735,failure
28740,failure
28744,failure
28746,failure
28750,failure
28753,failure
28759,failure
28760,failure
28763,failure
28764,failure
28769,failure
28782,failure
28784,failure
28787,failure
28790,success
28794,failure
28795,failure
28797,failure
28798,failure
28801,failure
28805,failure
28808,failure
28809,failure
28814,failure
28815,failure
28816,failure
28817,failure
28824,failure
28825,failure
28826,failure
28827,failure
28829,failure
28830,success
28833,failure
28843,failure
28844,success
28859,failure
28864,failure
28866,failure
28868,failure
28869,failure
28870,failure
28871,failure
28872,failure
28874,failure
28875,failure
28878,failure
28880,failure
28884,failure
28886,failure
28888,failure
28892,failure
28899,failure
28910,failure
28915,failure
28917,failure
28918,failure
28920,failure
28921,failure
28926,failure
28927,failure
28928,failure
28935,failure
28937,failure
28941,failure
28944,failure
28946,failure
28950,failure
28952,failure
28955,failure
28957,failure
28959,failure
28962,failure
28964,failure
28966,failure
28969,failure
28971,failure
28972,failure
28975,failure
28978,failure
28983,failure
28984,failure
28990,failure
28993,failure
28995,failure
28997,failure
28998,failure
29009,failure
29013,failure
29014,failure
29017,failure
29018,failure
29021,failure
29024,failure
29025,failure
29032,failure
29036,failure
29038,failure
29039,failure
29040,failure
29041,failure
29043,failure
29046,failure
29047,failure
29048,failure
29049,failure
29050,failure
29051,failure
29054,failure
29056,failure
29059,failure
29060,failure
29065,failure
29077,failure
29081,failure
29096,failure
29097,failure
29099,failure
29100,failure
29102,failure
29107,failure
29108,failure
29109,failure
29113,failure
29116,failure
29117,failure
29118,failure
29125,failure
29126,failure
29131,failure
29142,failure
29144,failure
29147,failure
29154,failure
29155,success
29156,failure
29160,failure
29162,failure
29166,success
29174,failure
29177,failure
29178,failure
29179,failure
29180,failure
29183,failure
29184,failure
29185,failure
29194,failure
29199,failure
29201,failure
29204,failure
29211,failure
29217,failure
29219,failure
29221,failure
29222,failure
29234,failure
29235,failure
29236,failure
29240,failure
29241,failure
29244,failure
29246,failure
29253,failure
29268,failure
29269,failure
29270,failure
29273,failure
29274,failure
29278,success
29285,failure
29288,failure
29291,failure
29294,failure
29295,failure
29303,failure
29304,failure
29306,success
29309,failure
29311,failure
29314,failure
29315,failure
29319,failure
29320,failure
29324,failure
29331,failure
29337,failure
29338,failure
29342,failure
29348,success
29351,failure
29353,failure
29355,failure
29359,failure
29360,failure
29362,failure
29363,failure
29369,failure
29375,failure
29380,failure
29381,failure
29386,failure
29387,failure
29391,failure
29396,failure
29404,failure
29406,failure
29419,failure
29425,failure
29431,failure
29442,failure
29446,failure
29454,failure
29458,failure
29459,failure
29460,failure
29463,failure
29467,failure
29471,failure
29476,failure
29486,failure
29488,failure
29491,failure
29494,failure
29498,success
29503,success
29510,success
29516,failure
29517,failure
29522,failure
29526,failure
29542,failure
29548,failure
29550,failure
29553,failure
29556,failure
29561,failure
29565,failure
29567,failure
29572,failure
29574,failure
29576,failure
29584,failure
29585,failure
29586,failure
29587,failure
29590,failure
29591,failure
29592,failure
29594,failure
29595,failure
29599,failure
29604,failure
29605,success
29606,failure
29607,failure
29608,failure
29611,failure
29615,failure
29617,failure
29622,failure
29628,failure
29635,failure
29637,failure
29644,failure
29647,success
29656,failure
29664,failure
29666,failure
29667,failure
29670,failure
29672,failure
29673,failure
29674,failure
29675,failure
29687,failure
29690,failure
29694,failure
29695,failure
29698,failure
29702,failure
29707,failure
29710,failure
29712,failure
29715,failure
29716,failure
29721,failure
29724,failure
29725,failure
29729,failure
29734,failure
29736,failure
29737,failure
29743,failure
29752,failure
29753,failure
29759,failure
29765,failure
29774,failure
29775,failure
29779,failure
29780,failure
29783,failure
29787,failure
29788,failure
29789,failure
29794,failure
29796,failure
29797,failure
29799,failure
29802,failure
29805,failure
29810,failure
29813,failure
29814,failure
29816,failure
29821,failure
29825,failure
29827,failure
29828,failure
29832,failure
29834,failure
29835,failure
29838,failure
29841,failure
29855,failure
29862,failure
29871,failure
29874,failure
29879,failure
29881,failure
29885,failure
29886,failure
29888,failure
29890,failure
29891,failure
29892,failure
29896,failure
29899,failure
29901,failure
29902,failure
29906,failure
29916,failure
29918,failure
29928,failure
29930,failure
29939,failure
29944,failure
29945,failure
29953,failure
29954,failure
29958,failure
29964,failure
29981,failure
29991,failure
30000,failure
30001,success
30012,failure
30023,failure
30025,success
30027,failure
30033,failure
30037,failure
30038,failure
30039,failure
30075,failure
30079,failure
30082,failure
30083,failure
30098,failure
30120,failure
30123,failure
30136,success
30138,failure
30139,success
30140,failure
30149,success
30153,success
30157,success
30159,success
30161,success
30162,success
30171,failure
30175,success
30184,success
30187,failure
30188,success
30190,success
30191,failure
30194,success
30201,failure
30207,success
30208,failure
30210,failure
30215,failure
30227,success
30228,failure
30230,success
30235,success
30238,success
30239,failure
30243,success
30245,failure
30247,success
30249,failure
30250,failure
30253,failure
30259,failure
30265,success
30268,failure
30269,failure
30273,failure
30274,success
30279,failure
30283,success
30287,failure
30295,failure
30300,success
30301,failure
30307,success
30311,success
30313,failure
30314,success
30318,success
30323,failure
30327,failure
30328,failure
30331,success
30332,success
30334,failure
30335,failure
30336,success
30340,success
30344,success
30359,failure
30360,failure
30362,failure
30364,failure
30368,failure
30369,failure
30370,failure
30371,failure
30373,failure
30374,failure
30382,failure
30392,failure
30395,success
30398,failure
30408,success
30413,success
30417,success
30418,success
30423,success
30434,success
30438,success
30444,failure
30445,failure
30448,success
30450,failure
30451,failure
30453,failure
30460,failure
30462,success
30463,success
30464,success
30465,failure
30467,success
30472,success
30473,success
30479,failure
30481,failure
30483,failure
30486,success
30492,failure
30493,failure
30501,success
30506,failure
30509,failure
30515,failure
30520,failure
30523,success
30533,failure
30534,failure
30535,success
30537,failure
30544,failure
30548,failure
30563,success
30566,failure
30567,failure
30569,failure
30577,failure
30580,success
30585,failure
30592,failure
30594,failure
30595,success
30609,success
30612,success
30614,failure
30616,failure
30620,success
30621,failure
30622,failure
30626,success
30628,success
30630,failure
30638,success
30642,success
30644,success
30652,failure
30653,failure
30654,failure
30660,failure
30661,failure
30662,failure
30664,failure
30670,failure
30672,failure
30676,failure
30678,failure
30679,success
30686,failure
30687,failure
30688,success
30689,failure
30701,failure
30703,failure
30707,failure
30708,failure
30709,failure
30710,failure
30716,failure
30721,failure
30724,failure
30726,failure
30730,failure
30735,failure
30736,failure
30737,failure
30738,failure
30740,failure
30742,failure
30744,success
30746,failure
30751,failure
30754,failure
30762,failure
30763,failure
30768,failure
30777,failure
30779,failure
30783,success
30792,failure
30794,failure
30796,failure
30799,failure
30800,failure
30801,failure
30804,failure
30808,failure
30823,failure
30825,failure
30828,failure
30829,failure
30835,failure
30836,failure
30843,failure
30845,failure
30847,failure
30854,failure
30855,failure
30857,failure
30859,failure
30863,failure
30866,failure
30867,failure
30869,failure
30870,failure
30872,failure
30873,failure
30883,failure
30892,failure
30894,failure
30898,success
30901,failure
30902,failure
30903,failure
30904,failure
30906,failure
30907,failure
30908,failure
30911,failure
30913,failure
30914,failure
30915,success
30918,failure
30919,failure
30923,failure
30924,failure
30926,failure
30927,failure
30929,failure
30937,failure
30938,failure
30946,failure
30947,failure
30948,failure
30950,failure
30952,failure
30953,failure
30954,failure
30960,failure
30964,failure
30966,failure
30970,failure
30973,failure
30976,failure
30977,failure
30978,failure
30986,failure
30987,failure
30988,failure
30989,failure
30990,failure
30991,failure
30995,failure
30998,failure
30999,failure
31000,failure
31004,failure
31005,failure
31029,failure
31030,success
31032,failure
31033,failure
31035,failure
31040,failure
31041,failure
31044,failure
31045,failure
31046,failure
31050,failure
31053,failure
31057,failure
31060,failure
31063,failure
31065,failure
31070,failure
31072,success
31074,failure
31075,failure
31077,failure
31079,success
31080,failure
31088,success
31090,failure
31091,failure
31093,failure
31097,failure
31099,failure
31100,failure
31103,failure
31106,failure
31110,failure
31112,failure
31119,failure
31121,failure
31125,failure
31126,failure
31133,failure
31134,failure
31135,failure
31142,failure
31143,failure
31144,failure
31145,failure
31146,failure
31147,failure
31148,failure
31150,failure
31151,failure
31153,failure
31159,failure
31164,failure
31168,failure
31170,failure
31171,failure
31172,failure
31176,success
31182,failure
31185,failure
31186,failure
31187,failure
31192,failure
31200,failure
31204,failure
31207,failure
31208,failure
31211,failure
31214,failure
31222,failure
31223,failure
31224,failure
31225,failure
31227,failure
31232,failure
31236,failure
31238,failure
31240,success
31241,failure
31248,failure
31251,success
31257,failure
31261,failure
31262,failure
31264,failure
31265,failure
31268,failure
31270,failure
31273,success
31274,failure
31282,failure
31288,failure
31292,failure
31297,failure
31302,failure
31306,failure
31307,failure
31309,failure
31315,failure
31319,failure
31320,failure
31321,failure
31322,failure
31323,failure
31330,failure
31331,failure
31335,failure
31340,success
31342,failure
31343,failure
31345,failure
31347,failure
31349,success
31350,failure
31351,failure
31352,failure
31353,failure
31355,failure
31361,failure
31366,failure
31368,failure
31370,failure
31371,failure
31372,failure
31373,failure
31378,failure
31380,failure
31385,failure
31389,failure
31391,failure
31392,failure
31393,failure
31399,failure
31401,failure
31403,failure
31409,failure
31410,failure
31411,failure
31413,failure
31415,failure
31416,failure
31418,failure
31422,failure
31423,failure
31427,failure
31429,failure
31435,failure
31436,failure
31437,failure
31438,failure
31439,failure
31447,failure
31448,failure
31449,failure
31450,failure
31451,failure
31452,failure
31460,failure
31461,failure
31462,failure
31464,failure
31466,failure
31467,failure
31470,failure
31471,failure
31476,failure
31479,failure
31480,failure
31482,failure
31484,success
31487,failure
31489,failure
31490,failure
31491,failure
31493,failure
31503,failure
31505,failure
31506,failure
31508,failure
31511,failure
31516,failure
31519,failure
31522,failure
31526,failure
31540,failure
31541,failure
31544,failure
31547,failure
31549,failure
31555,failure
31557,failure
31562,failure
31564,failure
31568,failure
31569,failure
31576,failure
31581,failure
31584,failure
31587,failure
31588,failure
31590,success
31593,failure
31594,failure
31595,failure
31605,success
31611,failure
31614,failure
31619,failure
31620,failure
31622,failure
31623,failure
31626,failure
31630,failure
31638,failure
31639,failure
31640,failure
31641,failure
31642,failure
31643,failure
31646,failure
31649,failure
31650,failure
31651,failure
31655,failure
31657,failure
31659,failure
31663,failure
31665,success
31668,failure
31669,success
31671,failure
31679,failure
31680,failure
31682,failure
31685,failure
31689,failure
31691,failure
31693,failure
31698,failure
31700,failure
31704,failure
31707,failure
31713,failure
31718,failure
31722,failure
31725,failure
31729,failure
31733,failure
31740,failure
31741,failure
31743,failure
31746,failure
31749,failure
31750,failure
31753,failure
31755,failure
31756,failure
31758,failure
31760,failure
31761,failure
31762,failure
31764,failure
31769,failure
31770,failure
31779,failure
31780,failure
31797,failure
31798,failure
31803,failure
31810,failure
31811,failure
31812,failure
31814,failure
31818,failure
31822,failure
31824,failure
31826,failure
31827,failure
31828,success
31830,failure
31833,failure
31837,failure
31840,failure
31844,failure
31846,success
31849,success
31853,failure
31856,failure
31857,failure
31861,failure
31866,failure
31867,failure
31868,failure
31869,failure
31870,success
31871,failure
31872,failure
31873,failure
31874,failure
31875,failure
31876,failure
31879,failure
31888,failure
31890,failure
31892,failure
31893,failure
31894,failure
31895,failure
31900,failure
31901,failure
31902,failure
31903,failure
31905,failure
31909,failure
31912,failure
31917,failure
31920,failure
31922,success
31933,failure
31942,failure
31943,failure
31945,failure
31948,failure
31949,failure
31953,failure
31954,failure
31955,failure
31959,failure
31960,failure
31961,failure
31963,failure
31965,failure
31971,failure
31978,failure
31982,success
31986,failure
31987,failure
31990,failure
31991,failure
31996,failure
31997,failure
31999,failure
32000,failure
32001,failure
32006,failure
32008,failure
32016,failure
32018,failure
32023,failure
32029,failure
32035,success
32040,failure
32052,failure
32058,failure
32059,failure
32062,failure
32066,failure
32067,failure
32078,failure
32080,failure
32081,failure
32083,failure
32084,failure
32085,failure
32089,failure
32091,failure
32098,failure
32100,failure
32104,failure
32109,failure
32112,failure
32116,failure
32117,failure
32118,failure
32120,failure
32121,failure
32132,failure
32133,failure
32136,failure
32148,failure
32149,failure
32150,failure
32153,failure
32156,failure
32157,failure
32160,failure
32163,failure
32165,failure
32166,failure
32169,failure
32170,failure
32173,failure
32174,failure
32178,failure
32182,failure
32185,failure
32186,failure
32190,failure
32191,failure
32195,failure
32197,failure
32198,failure
32199,failure
32204,failure
32205,failure
32206,failure
32207,failure
32212,failure
32213,failure
32219,failure
32227,failure
32228,failure
32230,failure
32231,failure
32236,failure
32239,failure
32242,failure
32243,failure
32246,failure
32249,failure
32254,failure
32259,failure
32260,failure
32261,success
32262,failure
32269,failure
32271,failure
32275,failure
32276,failure
32278,success
32282,failure
32287,success
32294,failure
32298,failure
32304,failure
32306,failure
32310,failure
32313,failure
32314,failure
32317,success
32320,failure
32322,failure
32323,failure
32325,failure
32332,failure
32336,failure
32339,failure
32343,failure
32344,failure
32347,failure
32350,failure
32352,failure
32353,failure
32354,failure
32355,failure
32356,failure
32360,failure
32361,failure
32362,failure
32363,failure
32368,failure
32374,failure
32377,failure
32378,failure
32380,failure
32382,success
32383,failure
32384,failure
32389,failure
32390,failure
32394,failure
32397,failure
32404,failure
32405,failure
32409,failure
32419,failure
32420,failure
32429,failure
32431,failure
32433,failure
32434,failure
32438,failure
32439,failure
32440,failure
32445,failure
32448,failure
32449,failure
32451,failure
32453,failure
32456,failure
32458,failure
32462,failure
32463,failure
32465,failure
32469,failure
32471,failure
32472,failure
32473,failure
32475,failure
32476,failure
32478,failure
32480,failure
32481,failure
32488,failure
32493,failure
32494,failure
32495,failure
32499,failure
32500,failure
32507,failure
32509,failure
32510,failure
32511,failure
32515,failure
32517,failure
32518,failure
32519,failure
32521,failure
32522,failure
32524,failure
32526,failure
32527,failure
32528,failure
32538,failure
32539,failure
32541,failure
32542,success
32547,failure
32548,failure
32549,failure
32551,failure
32559,failure
32561,failure
32563,failure
32564,failure
32569,failure
32574,failure
32575,failure
32579,failure
32581,failure
32582,failure
32591,failure
32601,failure
32605,failure
32606,failure
32607,failure
32609,failure
32610,failure
32611,failure
32616,failure
32617,failure
32621,failure
32627,failure
32628,failure
32632,failure
32636,failure
32637,success
32638,failure
32640,success
32641,failure
32644,failure
32647,failure
32651,failure
32652,failure
32654,failure
32663,failure
32665,failure
32668,failure
32669,success
32670,failure
32672,failure
32675,failure
32677,failure
32679,failure
32683,failure
32684,failure
32685,failure
32686,failure
32687,failure
32689,failure
32690,success
32695,failure
32701,failure
32702,failure
32703,failure
32708,failure
32714,failure
32716,failure
32718,failure
32720,success
32721,failure
32723,failure
32727,failure
32728,success
32729,failure
32732,failure
32733,failure
32734,failure
32735,failure
32736,failure
32737,failure
32741,failure
32747,failure
32749,failure
32750,failure
32754,success
32755,failure
32756,failure
32758,failure
32760,failure
32762,failure
32765,failure
32766,failure
32767,failure
32768,failure
32771,failure
32777,failure
32782,failure
32784,failure
32785,failure
32792,failure
32797,failure
32798,failure
32801,failure
32804,failure
32807,failure
32809,failure
32811,failure
32815,failure
32817,failure
32820,failure
32824,failure
32825,failure
32829,failure
32831,failure
32832,failure
32836,failure
32837,failure
32839,failure
32845,failure
32846,failure
32847,failure
32848,failure
32852,failure
32861,failure
32864,failure
32865,failure
32866,failure
32868,failure
32872,failure
32874,failure
32875,failure
32878,failure
32882,failure
32884,failure
32889,failure
32891,success
32893,failure
32895,failure
32899,failure
32900,failure
32904,failure
32907,failure
32913,failure
32914,failure
32915,failure
32919,failure
32925,failure
32928,failure
32929,failure
32930,failure
32931,failure
32932,failure
32939,failure
32951,failure
32952,failure
32954,failure
32956,failure
32960,failure
32965,failure
32968,failure
32975,failure
32982,failure
32983,failure
32985,failure
32987,failure
32989,failure
32992,failure
32994,success
32996,failure
33000,failure
33001,failure
33003,failure
33006,failure
33009,failure
33016,failure
33019,failure
33020,failure
33026,failure
33028,failure
33029,failure
33030,failure
33031,failure
33032,failure
33037,failure
33038,failure
33042,failure
33047,failure
33049,failure
33051,failure
33056,failure
33059,failure
33072,failure
33082,failure
33083,failure
33086,failure
33089,failure
33092,failure
33094,failure
33098,failure
33099,failure
33101,failure
33104,failure
33107,failure
33108,failure
33109,failure
33111,failure
33112,failure
33114,failure
33115,failure
33117,failure
33121,failure
33122,failure
33124,failure
33126,failure
33132,failure
33137,failure
33150,failure
33154,failure
33155,failure
33157,failure
33158,failure
33159,failure
33167,failure
33171,failure
33173,failure
33174,failure
33176,failure
33177,success
33178,failure
33180,failure
33182,failure
33184,failure
33189,success
33198,failure
33201,failure
33202,failure
33203,failure
33205,failure
33208,failure
33209,failure
33212,failure
33222,failure
33227,failure
33237,failure
33239,failure
33245,failure
33249,failure
33250,success
33254,failure
33257,failure
33262,failure
33268,failure
33269,failure
33271,failure
33272,failure
33273,failure
33278,failure
33279,failure
33281,failure
33287,failure
33290,failure
33292,failure
33294,failure
33295,failure
33298,failure
33299,failure
33300,failure
33305,failure
33310,failure
33312,failure
33320,failure
33322,failure
33324,failure
33326,failure
33327,failure
33328,failure
33332,success
33337,failure
33339,failure
33342,failure
33343,failure
33349,failure
33353,failure
33356,failure
33360,failure
33361,failure
33366,failure
33367,failure
33372,failure
33374,failure
33377,failure
33380,failure
33382,success
33383,failure
33385,failure
33386,success
33388,failure
33389,failure
33390,success
33393,failure
33404,failure
33406,failure
33407,failure
33410,failure
33415,failure
33417,failure
33419,failure
33420,failure
33421,failure
33422,failure
33428,failure
33430,failure
33431,success
33434,failure
33436,failure
33439,failure
33442,failure
33447,failure
33456,failure
33460,failure
33463,failure
33464,failure
33469,success
33471,failure
33473,failure
33476,failure
33478,failure
33482,failure
33484,failure
33485,failure
33487,failure
33488,failure
33489,failure
33490,failure
33492,failure
33494,failure
33495,failure
33500,failure
33507,success
33508,failure
33510,failure
33513,failure
33516,failure
33518,failure
33519,failure
33525,failure
33529,failure
33530,failure
33532,failure
33541,failure
33548,success
33549,failure
33551,failure
33554,failure
33555,failure
33556,failure
33559,failure
33561,failure
33562,failure
33563,failure
33566,failure
33570,failure
33576,failure
33582,failure
33583,failure
33586,failure
33587,failure
33592,failure
33594,failure
33597,failure
33598,failure
33599,failure
33600,failure
33602,failure
33606,failure
33610,failure
33612,failure
33613,failure
33615,failure
33619,failure
33621,failure
33628,failure
33629,failure
33641,failure
33642,failure
33644,failure
33645,failure
33651,failure
33652,failure
33654,failure
33656,failure
33658,failure
33659,failure
33662,failure
33663,failure
33665,failure
33666,failure
33673,failure
33674,failure
33675,failure
33676,failure
33677,failure
33680,failure
33683,failure
33686,failure
33687,failure
33689,failure
33692,failure
33693,failure
33694,failure
33698,failure
33699,failure
33701,failure
33705,failure
33706,failure
33714,failure
33715,failure
33716,failure
33719,failure
33725,failure
33726,failure
33727,failure
33731,success
33740,failure
33743,failure
33754,failure
33756,failure
33757,success
33758,failure
33759,failure
33766,failure
33767,failure
33770,failure
33773,failure
33776,failure
33779,failure
33783,failure
33784,failure
33788,failure
33789,success
33790,failure
33794,failure
33796,failure
33799,failure
33802,failure
33803,failure
33804,failure
33807,failure
33811,failure
33814,failure
33820,failure
33821,failure
33823,success
33826,failure
33830,failure
33832,failure
33833,failure
33834,failure
33840,failure
33841,failure
33842,failure
33843,failure
33844,failure
33847,success
33849,failure
33851,failure
33852,failure
33853,failure
33856,failure
33859,failure
33862,failure
33864,failure
33867,failure
33880,failure
33885,failure
33888,failure
33889,failure
33891,failure
33895,failure
33897,failure
33898,failure
33900,failure
33904,failure
33911,failure
33913,failure
33914,failure
33915,failure
33918,failure
33920,failure
33921,failure
33923,failure
33924,failure
33928,failure
33932,failure
33934,failure
33938,failure
33942,failure
33950,failure
33951,failure
33953,failure
33954,failure
33956,failure
33959,failure
33962,success
33963,failure
33965,failure
33968,failure
33969,failure
33970,failure
33972,failure
33977,failure
33978,failure
33980,failure
33985,failure
33987,failure
33988,success
33991,failure
33995,failure
33999,failure
34000,failure
34006,failure
34008,failure
34009,failure
34014,failure
34015,failure
34024,failure
34025,failure
34026,failure
34028,failure
34031,failure
34034,failure
34035,failure
34045,failure
34046,failure
34048,failure
34049,failure
34053,success
34058,failure
34060,failure
34063,failure
34068,failure
34071,failure
34072,failure
34073,failure
34076,failure
34078,failure
34080,failure
34084,failure
34085,failure
34088,success
34091,failure
34092,failure
34095,failure
34096,failure
34101,failure
34104,failure
34105,failure
34108,failure
34109,failure
34110,failure
34113,failure
34115,failure
34117,failure
34119,failure
34121,success
34122,failure
34129,success
34135,failure
34136,failure
34137,failure
34142,failure
34149,failure
34157,failure
34160,failure
34163,failure
34164,failure
34168,failure
34170,failure
34172,failure
34177,failure
34189,failure
34190,failure
34192,failure
34193,failure
34201,failure
34205,failure
34208,failure
34213,failure
34219,failure
34220,failure
34224,failure
34225,failure
34227,failure
34228,failure
34229,failure
34237,failure
34240,failure
34244,failure
34249,failure
34256,failure
34262,failure
34266,failure
34269,failure
34270,failure
34273,failure
34275,success
34276,failure
34277,failure
34280,failure
34283,failure
34289,failure
34290,failure
34294,failure
34297,failure
34304,failure
34305,failure
34311,success
34316,failure
34317,failure
34319,failure
34321,failure
34322,failure
34327,failure
34333,failure
34334,failure
34336,failure
34337,failure
34339,failure
34350,failure
34357,failure
34358,failure
34361,failure
34369,failure
34376,failure
34380,failure
34382,failure
34383,failure
34387,failure
34393,failure
34395,failure
34398,failure
34401,failure
34404,failure
34405,failure
34407,success
34415,failure
34416,failure
34417,success
34418,failure
34420,failure
34422,failure
34423,failure
34427,success
34429,failure
34432,failure
34433,failure
34435,failure
34440,failure
34444,failure
34445,failure
34448,failure
34450,failure
34451,failure
34456,failure
34458,failure
34460,failure
34461,failure
34462,success
34470,failure
34472,failure
34474,failure
34478,failure
34479,failure
34483,failure
34484,failure
34490,failure
34494,failure
34497,failure
34498,failure
34505,failure
34514,failure
34516,failure
34519,failure
34520,failure
34521,failure
34526,failure
34527,failure
34529,success
34534,failure
34540,failure
34546,failure
34547,failure
34548,failure
34550,failure
34551,failure
34552,failure
34554,failure
34556,failure
34557,failure
34563,failure
34564,failure
34565,failure
34569,failure
34572,failure
34574,failure
34579,failure
34580,failure
34581,failure
34584,failure
34588,success
34595,failure
34597,failure
34601,failure
34603,failure
34604,failure
34606,failure
34608,failure
34619,failure
34623,failure
34627,failure
34632,failure
34633,failure
34636,failure
34641,failure
34642,failure
34645,failure
34648,success
34657,failure
34659,failure
34666,failure
34669,failure
34672,failure
34679,failure
34683,failure
34685,failure
34702,failure
34704,failure
34705,failure
34706,failure
34710,failure
34714,failure
34717,failure
34719,failure
34721,failure
34723,failure
34726,failure
34730,success
34731,failure
34732,failure
34737,failure
34740,failure
34741,failure
34742,failure
34745,failure
34749,failure
34750,failure
34753,failure
34755,failure
34757,failure
34768,failure
34769,success
34773,failure
34778,failure
34779,failure
34781,failure
34785,failure
34792,failure
34802,failure
34805,failure
34808,failure
34817,failure
34818,failure
34824,failure
34825,failure
34826,failure
34829,failure
34832,failure
34833,failure
34834,failure
34835,failure
34844,failure
34846,failure
34857,failure
34861,failure
34867,failure
34869,failure
34870,failure
34871,failure
34874,failure
34876,failure
34882,failure
34884,failure
34886,failure
34890,failure
34891,failure
34892,failure
34893,failure
34894,failure
34901,failure
34902,failure
34903,failure
34904,failure
34905,failure
34910,failure
34913,failure
34915,failure
34919,failure
34920,failure
34923,failure
34927,failure
34929,failure
34931,failure
34936,failure
34937,failure
34938,failure
34940,failure
34942,failure
34943,failure
34945,failure
34949,failure
34951,failure
34954,failure
34956,failure
34958,failure
34962,failure
34967,failure
34971,failure
34979,failure
34981,failure
34983,failure
34985,failure
34987,failure
34988,failure
34993,failure
34994,failure
34996,failure
34999,failure
35001,failure
35002,failure
35006,failure
35015,failure
35024,failure
35035,failure
35042,failure
35047,failure
35051,failure
35054,failure
35055,failure
35064,failure
35065,success
35066,failure
35074,failure
35077,failure
35078,failure
35082,failure
35088,failure
35092,failure
35093,failure
35096,failure
35097,failure
35100,failure
35101,failure
35102,failure
35106,failure
35108,failure
35114,failure
35116,failure
35124,failure
35127,failure
35128,failure
35129,failure
35134,failure
35135,failure
35137,failure
35139,failure
35140,failure
35147,failure
35153,failure
35161,failure
35164,failure
35167,failure
35168,failure
35170,failure
35173,success
35174,failure
35178,failure
35180,failure
35182,failure
35184,failure
35190,failure
35192,failure
35193,failure
35194,failure
35201,failure
35202,failure
35208,failure
35213,failure
35218,success
35220,failure
35222,failure
35224,failure
35225,failure
35226,failure
35227,failure
35228,success
35242,failure
35246,failure
35247,failure
35248,failure
35252,failure
35253,failure
35254,failure
35259,failure
35263,failure
35271,failure
35273,failure
35276,failure
35277,failure
35281,failure
35283,failure
35292,failure
35296,failure
35301,failure
35302,failure
35305,failure
35319,failure
35322,failure
35324,failure
35328,failure
35329,failure
35330,failure
35331,failure
35336,failure
35337,failure
35338,failure
35342,failure
35345,failure
35346,failure
35348,failure
35351,failure
35352,failure
35353,failure
35355,failure
35356,failure
35358,failure
35360,failure
35362,failure
35363,failure
35365,failure
35366,failure
35369,failure
35371,failure
35373,failure
35378,failure
35381,failure
35383,failure
35384,failure
35387,failure
35390,failure
35393,failure
35394,failure
35402,failure
35404,failure
35406,failure
35408,failure
35411,failure
35414,failure
35420,failure
35426,failure
35430,failure
35433,failure
35439,failure
35447,failure
35453,failure
35455,failure
35456,success
35459,failure
35461,failure
35465,failure
35468,failure
35478,success
35487,failure
35489,failure
35492,failure
35493,failure
35494,failure
35495,failure
35497,failure
35501,failure
35503,failure
35504,failure
35505,failure
35506,failure
35511,failure
35513,failure
35515,failure
35518,failure
35522,failure
35533,failure
35539,failure
35547,failure
35548,failure
35551,failure
35556,failure
35573,failure
35574,failure
35580,failure
35586,failure
35588,failure
35590,failure
35591,failure
35597,success
35598,failure
35604,failure
35613,failure
35616,failure
35620,success
35627,failure
35643,failure
35646,failure
35654,success
35656,failure
35664,failure
35667,failure
35668,failure
35672,failure
35673,failure
35675,failure
35678,failure
35680,failure
35681,failure
35684,failure
35694,failure
35697,failure
35701,failure
35706,failure
35720,failure
35734,success
35735,failure
35737,failure
35739,failure
35743,failure
35745,failure
35747,failure
35748,failure
35752,failure
35753,failure
35762,failure
35763,failure
35782,failure
35791,failure
35794,failure
35797,failure
35808,failure
35813,success
35819,failure
35822,success
35826,success
35829,failure
35831,failure
35832,failure
35834,success
35836,failure
35837,failure
35840,failure
35842,failure
35848,failure
35851,success
35853,failure
35856,failure
35857,failure
35865,failure
35871,failure
35872,success
35875,failure
35876,failure
35880,success
35883,success
35888,failure
35899,failure
35902,failure
35904,failure
35910,failure
35912,failure
35920,failure
35933,failure
35940,success
35941,success
35943,failure
35946,success
35948,success
35952,failure
35953,failure
35959,failure
35962,failure
35966,failure
35971,success
35973,failure
35976,failure
35979,failure
35980,failure
35984,failure
35985,failure
35988,failure
35991,success
35992,failure
35995,failure
35996,failure
35997,failure
35998,failure
35999,success
36000,failure
36004,failure
36012,failure
36018,failure
36023,success
36026,success
36028,success
36031,success
36033,failure
36035,success
36038,failure
36043,success
36044,failure
36047,failure
36049,success
36050,success
36051,failure
36053,failure
36055,failure
36056,success
36057,failure
36060,failure
36064,failure
36066,success
36070,failure
36072,failure
36080,success
36082,failure
36084,failure
36089,success
36098,failure
36100,failure
36104,failure
36107,failure
36108,success
36110,success
36122,success
36123,success
36124,success
36132,failure
36139,success
36140,success
36142,success
36145,failure
36146,failure
36151,success
36161,failure
36167,success
36168,success
36172,success
36177,failure
36184,success
36185,failure
36188,success
36189,success
36198,success
36200,failure
36202,failure
36209,failure
36214,success
36215,failure
36217,failure
36224,success
36231,failure
36232,failure
36233,failure
36236,success
36242,failure
36245,success
36247,failure
36250,failure
36254,failure
36259,success
36263,failure
36266,success
36272,failure
36274,success
36277,failure
36279,failure
36281,failure
36282,success
36285,failure
36292,success
36293,failure
36294,failure
36295,success
36298,failure
36301,failure
36317,failure
36321,success
36327,success
36335,failure
36339,failure
36341,success
36342,success
36348,failure
36351,failure
36354,failure
36356,success
36361,failure
36363,success
36364,failure
36368,success
36372,failure
36373,failure
36374,failure
36378,failure
36381,success
36383,failure
36384,failure
36390,failure
36391,success
36393,failure
36401,success
36404,failure
36409,failure
36412,success
36414,success
36416,failure
36418,failure
36419,failure
36420,failure
36421,failure
36427,failure
36428,success
36430,failure
36436,failure
36440,failure
36444,failure
36449,failure
36450,failure
36452,failure
36453,success
36454,failure
36457,success
36460,failure
36462,failure
36465,success
36468,success
36481,failure
36482,failure
36496,failure
36503,failure
36504,failure
36509,success
36510,failure
36518,success
36519,failure
36520,failure
36522,failure
36523,failure
36528,failure
36529,failure
36531,success
36533,success
36534,failure
36540,success
36542,success
36547,failure
36551,failure
36553,failure
36557,success
36564,success
36568,failure
36570,failure
36574,failure
36583,success
36585,failure
36588,success
36589,success
36590,failure
36592,failure
36600,failure
36604,failure
36605,failure
36606,success
36607,failure
36611,success
36613,failure
36615,success
36617,failure
36621,success
36626,success
36631,success
36637,failure
36639,failure
36640,failure
36641,failure
36652,success
36656,success
36660,success
36665,failure
36672,success
36680,failure
36681,success
36684,failure
36685,failure
36694,failure
36699,success
36701,failure
36703,success
36720,success
36722,success
36735,success
36736,success
36738,success
36740,failure
36741,failure
36749,failure
36751,success
36753,success
36757,failure
36760,success
36763,failure
36766,failure
36770,success
36776,failure
36777,failure
36778,success
36779,success
36791,failure
36798,failure
36808,failure
36811,success
36827,failure
36831,success
36833,failure
36834,failure
36835,failure
36860,failure
36869,failure
36873,failure
36874,failure
36875,failure
36878,success
36880,failure
36889,failure
36891,failure
36892,failure
36893,failure
36894,failure
36901,failure
36903,failure
36906,success
36907,failure
36909,success
36914,success
36917,failure
36919,failure
36920,failure
36923,success
36926,success
36930,failure
36940,success
36943,success
36947,failure
36956,success
36957,failure
36958,success
36963,failure
36965,failure
36970,failure
36971,success
36973,failure
36977,success
36978,failure
36984,failure
36989,failure
36999,failure
37004,failure
37011,failure
37013,failure
37018,failure
37021,success
37022,failure
37023,failure
37026,success
37031,failure
37042,failure
37043,failure
37049,success
37050,failure
37051,failure
37053,failure
37058,failure
37066,failure
37070,success
37084,failure
37100,failure
37103,success
37104,failure
37106,failure
37107,failure
37108,failure
37115,failure
37121,success
37124,success
37128,success
37129,failure
37130,failure
37134,failure
37135,failure
37140,success
37142,success
37144,failure
37146,success
37148,failure
37154,success
37155,failure
37161,failure
37163,success
37164,failure
37169,success
37178,success
37182,failure
37183,success
37188,failure
37191,success
37193,failure
37196,success
37198,failure
37202,failure
37213,failure
37214,failure
37216,failure
37225,failure
37226,failure
37230,success
37234,success
37236,success
37237,success
37240,failure
37242,failure
37244,failure
37245,success
37246,failure
37248,failure
37249,failure
37251,success
37252,failure
37254,success
37256,failure
37258,success
37263,failure
37264,success
37271,failure
37274,failure
37276,success
37279,success
37280,failure
37281,success
37282,failure
37283,success
37284,success
37285,success
37286,success
37287,success
37289,failure
37290,failure
37291,success
37292,success
37293,failure
37294,failure
37295,failure
37297,success
37298,success
37300,failure
37301,success
37304,success
37305,failure
37306,failure
37307,success
37309,success
37312,success
37313,failure
37316,failure
37317,failure
37321,success
37323,success
37326,success
37327,failure
37328,success
37332,failure
37333,failure
37334,failure
37338,failure
37343,success
37344,failure
37345,success
37346,failure
37347,failure
37352,failure
37353,failure
37355,success
37356,success
37357,failure
37358,success
37359,failure
37360,failure
37361,failure
37363,failure
37367,success
37369,failure
37374,failure
37376,failure
37386,success
37388,success
37393,success
37394,success
37398,failure
37399,failure
37400,success
37402,success
37403,failure
37404,failure
37405,failure
37408,failure
37409,success
37410,failure
37411,failure
37414,failure
37415,success
37417,success
37418,failure
37420,success
37422,failure
37425,failure
37428,failure
37433,success
37439,success
37440,success
37442,success
37444,success
37445,failure
37447,failure
37448,failure
37452,success
37458,failure
37459,success
37460,failure
37461,failure
37465,success
37468,success
37469,failure
37471,failure
37473,success
37476,failure
37477,success
37479,failure
37480,failure
37483,success
37484,failure
37488,failure
37493,success
37495,success
37498,failure
37503,success
37505,failure
37508,failure
37509,failure
37511,failure
37512,failure
37513,success
37516,success
37518,success
37523,success
37524,success
37526,failure
37527,success
37532,failure
37535,success
37539,failure
37545,failure
37547,failure
37548,failure
37551,success
37552,failure
37553,failure
37555,success
37558,success
37561,failure
37562,failure
37563,failure
37566,success
37572,failure
37577,failure
37578,failure
37579,failure
37581,success
37584,failure
37590,success
37591,failure
37593,failure
37595,failure
37597,success
37598,failure
37610,success
37616,failure
37617,failure
37620,success
37622,failure
37625,success
37627,success
37628,failure
37632,failure
37633,success
37635,failure
37637,failure
37643,success
37646,failure
37647,failure
37648,success
37649,failure
37650,failure
37654,failure
37657,failure
37658,failure
37662,failure
37663,success
37666,failure
37667,failure
37669,failure
37675,success
37678,failure
37682,failure
37687,success
37691,success
37693,success
37694,failure
37701,failure
37703,failure
37704,success
37708,success
37710,success
37712,failure
37713,success
37715,failure
37716,failure
37717,failure
37719,failure
37722,failure
37726,success
37729,success
37732,failure
37733,failure
37734,failure
37736,failure
37738,success
37739,failure
37741,failure
37745,failure
37746,failure
37747,failure
37749,failure
37752,success
37753,success
37754,failure
37756,success
37758,success
37759,failure
37760,success
37761,success
37763,success
37764,success
37765,failure
37769,success
37776,failure
37779,success
37780,failure
37786,success
37788,failure
37789,success
37791,failure
37792,failure
37795,failure
37796,failure
37802,failure
37803,success
37805,success
37806,success
37808,success
37809,success
37810,failure
37812,success
37814,failure
37815,failure
37817,failure
37819,success
37823,failure
37827,success
37831,failure
37833,failure
37834,success
37837,success
37839,failure
37840,failure
37845,failure
37846,failure
37847,failure
37848,failure
37850,success
37855,failure
37860,failure
37861,failure
37863,success
37864,failure
37865,failure
37866,failure
37870,failure
37871,success
37872,failure
37875,success
37877,failure
37878,failure
37879,failure
37880,failure
37884,failure
37890,success
37893,failure
37895,failure
37896,success
37905,failure
37907,failure
37908,failure
37909,failure
37915,success
37916,success
37918,success
37919,success
37922,failure
37923,failure
37924,failure
37925,success
37927,success
37928,failure
37929,failure
37931,success
37932,failure
37933,success
37939,success
37942,failure
37953,success
37954,success
37959,failure
37961,failure
37964,failure
37967,failure
37969,success
37970,success
37971,failure
37974,failure
37979,failure
37980,success
37982,failure
37987,success
37989,failure
37993,failure
37996,success
37998,success
38000,success
38003,failure
38004,success
38005,failure
38008,success
38011,success
38015,success
38020,failure
38022,failure
38023,failure
38026,failure
38029,failure
38033,success
38034,success
38037,success
38044,failure
38046,success
38047,success
38049,failure
38052,failure
38053,success
38056,failure
38063,success
38069,failure
38071,success
38074,failure
38075,success
38076,failure
38077,success
38079,success
38081,success
38082,success
38083,failure
38084,success
38086,success
38087,success
38088,success
38089,success
38091,success
38092,failure
38097,failure
38100,failure
38101,failure
38105,failure
38106,success
38108,failure
38109,success
38111,success
38112,failure
38113,success
38114,success
38117,success
38119,failure
38122,failure
38123,failure
38128,success
38132,failure
38137,failure
38138,success
38141,failure
38143,failure
38144,failure
38146,failure
38148,success
38152,failure
38153,success
38154,success
38156,failure
38158,success
38159,success
38163,failure
38164,failure
38165,success
38168,failure
38169,failure
38171,failure
38173,success
38174,failure
38175,failure
38179,success
38182,success
38186,failure
38187,failure
38189,failure
38191,failure
38199,success
38201,failure
38204,failure
38205,failure
38208,failure
38209,success
38211,failure
38212,success
38213,failure
38214,failure
38216,failure
38230,success
38236,failure
38238,success
38239,failure
38242,failure
38245,success
38247,failure
38248,failure
38250,success
38252,failure
38256,failure
38260,failure
38261,failure
38263,failure
38269,success
38270,success
38271,failure
38273,failure
38274,success
38276,failure
38278,success
38282,failure
38283,success
38285,failure
38287,success
38289,failure
38290,failure
38300,failure
38302,failure
38305,failure
38309,failure
38312,success
38314,success
38316,success
38318,failure
38319,success
38321,failure
38323,failure
38324,failure
38325,success
38327,failure
38330,success
38333,success
38334,failure
38339,failure
38342,success
38343,failure
38344,failure
38345,failure
38347,failure
38348,success
38350,failure
38352,success
38353,failure
38354,success
38356,failure
38359,failure
38360,failure
38363,failure
38366,success
38378,failure
38380,failure
38381,failure
38385,failure
38387,failure
38389,failure
38390,failure
38391,failure
38392,failure
38393,success
38398,success
38400,success
38403,failure
38405,success
38406,failure
38407,success
38409,failure
38411,success
38414,success
38415,success
38418,success
38419,success
38423,success
38426,failure
38428,success
38430,failure
38431,success
38432,success
38436,success
38438,success
38441,failure
38442,success
38444,failure
38445,success
38446,failure
38452,success
38453,failure
38454,success
38456,failure
38457,success
38458,failure
38459,failure
38461,success
38462,failure
38465,success
38467,failure
38469,failure
38471,failure
38473,failure
38474,failure
38480,failure
38484,failure
38486,success
38487,success
38489,failure
38490,failure
38491,success
38493,failure
38496,success
38501,failure
38505,success
38506,failure
38508,success
38510,failure
38512,success
38513,failure
38530,success
38538,failure
38539,success
38543,failure
38544,failure
38547,failure
38559,failure
38561,success
38564,failure
38570,failure
38574,failure
38575,success
38578,failure
38579,failure
38580,failure
38587,success
38595,failure
38602,failure
38603,failure
38604,success
38606,failure
38610,failure
38615,success
38620,success
38621,failure
38623,success
38625,success
38626,failure
38629,failure
38632,failure
38633,failure
38636,failure
38638,failure
38639,failure
38641,failure
38644,failure
38645,failure
38647,failure
38649,success
38655,failure
38657,failure
38658,failure
38659,failure
38662,failure
38664,failure
38666,failure
38667,success
38668,failure
38673,failure
38674,failure
38680,failure
38682,success
38684,failure
38686,success
38687,success
38689,success
38692,success
38693,success
38694,failure
38697,failure
38698,failure
38699,failure
38700,failure
38703,success
38704,failure
38705,success
38706,failure
38710,success
38711,success
38712,success
38714,failure
38715,success
38716,success
38717,success
38718,success
38720,success
38721,failure
38722,success
38724,failure
38726,success
38727,failure
38729,failure
38730,failure
38732,failure
38734,failure
38736,failure
38737,failure
38738,failure
38739,failure
38740,failure
38741,success
38746,failure
38747,failure
38748,success
38750,success
38752,success
38754,success
38755,success
38756,success
38758,success
38759,success
38760,success
38761,success
38762,failure
38764,success
38767,failure
38769,failure
38773,failure
38774,success
38775,failure
38776,failure
38780,success
38781,success
38782,success
38783,success
38784,failure
38786,failure
38790,success
38794,failure
38795,failure
38796,success
38797,success
38798,success
38800,success
38801,success
38802,success
38804,success
38805,success
38806,success
38807,failure
38809,failure
38810,success
38811,failure
38812,success
38813,success
38816,failure
38817,success
38819,success
38820,failure
38821,failure
38823,success
38825,success
38826,failure
38827,success
38828,success
38829,success
38831,success
38832,failure
38833,success
38834,success
38837,success
38838,failure
38839,success
38840,failure
38841,success
38842,failure
38843,success
38845,success
38846,success
38847,success
38849,failure
38850,failure
38857,failure
38858,failure
38859,failure
38861,failure
38863,failure
38866,success
38867,failure
38868,failure
38869,failure
38870,failure
38871,failure
38873,failure
38874,success
38877,failure
38878,failure
38881,success
38884,failure
38888,failure
38889,failure
38890,failure
38892,success
38898,success
38901,success
38903,success
38904,failure
38905,success
38911,success
38912,success
38914,success
38915,success
38916,failure
38917,failure
38921,failure
38926,failure
38927,success
38929,failure
38930,success
38931,success
38934,failure
38935,failure
38936,failure
38938,success
38941,failure
38942,failure
38945,failure
38948,success
38949,success
38952,success
38954,failure
38956,failure
38957,failure
38962,failure
38964,success
38965,failure
38966,failure
38967,success
38971,failure
38973,success
38974,success
38976,success
38977,success
38978,failure
38982,success
38984,failure
38986,failure
38987,failure
38989,failure
38993,failure
38996,success
38998,success
39002,success
39003,success
39004,success
39008,success
39014,success
39016,failure
39018,failure
39023,success
39025,failure
39026,success
39029,success
39033,failure
39034,success
39035,success
39036,failure
39040,failure
39041,success
39044,failure
39046,success
39047,success
39048,success
39049,failure
39053,failure
39054,failure
39055,failure
39058,success
39059,failure
39061,success
39062,failure
39063,success
39064,failure
39065,success
39066,failure
39068,success
39071,success
39072,failure
39074,success
39075,failure
39077,success
39078,failure
39084,success
39086,success
39090,failure
39094,success
39095,success
39096,failure
39097,failure
39101,failure
39103,success
39104,success
39105,success
39106,success
39108,success
39109,failure
39110,failure
39111,failure
39117,success
39118,success
39120,success
39122,failure
39124,success
39127,failure
39128,failure
39129,success
39130,failure
39133,failure
39134,success
39135,failure
39141,failure
39144,failure
39147,success
39148,failure
39151,success
39152,success
39153,success
39154,failure
39156,failure
39157,failure
39159,success
39160,failure
39164,success
39165,failure
39167,failure
39168,failure
39169,failure
39170,failure
39172,failure
39175,success
39176,failure
39177,failure
39178,failure
39179,failure
39180,success
39183,success
39184,success
39186,success
39187,failure
39189,failure
39192,failure
39196,success
39198,success
39203,failure
39206,failure
39207,success
39208,success
39209,success
39213,success
39214,failure
39215,success
39216,success
39217,failure
39218,success
39220,success
39221,success
39222,success
39224,success
39225,success
39226,success
39227,success
39228,success
39231,success
39232,failure
39233,success
39235,failure
39236,failure
39237,failure
39239,failure
39240,failure
39241,failure
39242,failure
39243,success
39244,success
39247,failure
39248,success
39249,success
39251,failure
39252,failure
39253,failure
39254,failure
39255,success
39256,success
39257,failure
39258,success
39260,failure
39261,success
39262,success
39263,failure
39264,failure
39268,success
39269,failure
39270,failure
39271,failure
39272,success
39273,failure
39274,success
39281,success
39283,success
39284,success
39286,success
39288,failure
39290,failure
39291,success
39292,success
39294,failure
39295,success
39298,failure
39300,success
39301,success
39302,failure
39305,success
39306,failure
39307,failure
39308,success
39314,success
39315,success
39318,failure
39319,failure
39321,success
39322,success
39323,success
39325,success
39326,success
39328,success
39329,success
39330,failure
39331,success
39333,failure
39334,success
39335,failure
39336,success
39338,success
39340,success
39344,success
39345,failure
39348,success
39349,success
39353,success
39355,failure
39358,failure
39361,failure
39362,failure
39364,success
39365,failure
39366,failure
39367,failure
39368,failure
39369,failure
39371,failure
39373,success
39375,failure
39376,failure
39377,failure
39378,success
39380,failure
39383,failure
39385,success
39388,failure
39389,success
39390,failure
39391,failure
39392,success
39394,success
39395,failure
39396,success
39397,success
39399,failure
39400,failure
39402,failure
39406,failure
39407,success
39408,success
39409,failure
39410,failure
39413,failure
39421,failure
39425,failure
39426,failure
39428,success
39429,success
39430,success
39431,failure
39432,success
39433,success
39434,failure
39436,success
39438,failure
39439,failure
39442,failure
39443,success
39444,success
39445,failure
39446,failure
39447,success
39450,failure
39451,success
39453,success
39455,success
39457,success
39458,failure
39459,failure
39460,success
39464,failure
39467,failure
39469,failure
39470,success
39471,success
39473,failure
39475,success
39476,success
39478,success
39479,failure
39480,failure
39481,success
39485,failure
39490,success
39491,success
39492,success
39496,failure
39498,success
39499,success
39503,failure
39504,success
39505,success
39507,failure
39509,success
39511,success
39514,success
39515,failure
39516,success
39517,failure
39518,failure
39520,success
39521,failure
39523,failure
39524,failure
39525,failure
39526,failure
39528,failure
39533,failure
39537,success
39538,success
39539,success
39540,success
39545,success
39549,success
39550,failure
39556,success
39557,success
39558,success
39559,failure
39561,failure
39563,failure
39565,success
39568,failure
39569,success
39570,success
39571,failure
39572,success
39573,failure
39574,success
39575,success
39576,success
39577,failure
39579,success
39581,success
39582,success
39583,failure
39584,success
39585,failure
39588,success
39589,success
39590,failure
39591,success
39593,failure
39594,failure
39595,failure
39599,failure
39602,failure
39603,success
39604,failure
39605,success
39607,success
39609,failure
39610,success
39611,success
39613,failure
39614,success
39616,success
39618,failure
39619,success
39621,failure
39623,success
39626,success
39627,success
39629,success
39632,failure
39634,failure
39635,failure
39637,success
39638,success
39639,success
39640,success
39641,failure
39642,failure
39643,success
39644,success
39645,success
39646,success
39647,failure
39648,success
39649,success
39650,success
39651,success
39652,success
39654,success
39655,success
39656,success
39657,success
39658,success
39659,success
39660,success
39661,success
39662,success
39663,success
39664,success
39665,failure
39666,success
39667,failure
39668,success
39669,failure
39672,failure
39673,failure
39674,success
39675,success
39676,success
39677,failure
39680,success
39682,success
39683,failure
39685,success
39688,success
39689,failure
39690,success
39693,failure
39697,success
39698,failure
39699,failure
39700,failure
39701,failure
39706,failure
39708,success
39710,failure
39711,success
39712,failure
39713,failure
39714,failure
39715,failure
39716,failure
39719,success
39720,failure
39722,failure
39723,failure
39724,failure
39725,failure
39726,success
39727,success
39733,success
39734,failure
39736,success
39737,failure
39738,success
39740,success
39742,success
39743,failure
39745,success
39746,failure
39749,failure
39755,success
39756,success
39757,failure
39758,failure
39761,failure
39762,failure
39763,failure
39769,success
39771,success
39772,failure
39773,failure
39777,success
39780,failure
39783,success
39785,failure
39786,failure
39787,success
39788,failure
39789,failure
39791,success
39792,success
39793,failure
39796,success
39797,failure
39798,failure
39802,success
39803,success
39804,success
39805,failure
39806,success
39807,success
39811,success
39812,success
39813,failure
39820,success
39823,success
39827,success
39828,success
39829,success
39830,success
39831,failure
39833,success
39834,failure
39835,success
39837,success
39840,failure
39841,success
39842,success
39843,success
39844,success
39845,success
39846,success
39850,failure
39852,success
39854,success
39856,success
39857,failure
39861,failure
39863,failure
39865,success
39866,success
39867,success
39868,success
39869,failure
39870,success
39871,success
39872,success
39873,success
39874,success
39876,failure
39878,failure
39880,success
39881,success
39883,success
39891,failure
39893,success
39894,success
39896,success
39899,success
39901,success
39904,failure
39905,success
39906,success
39907,success
39908,success
39909,failure
39910,failure
39911,success
39912,success
39913,failure
39915,success
39918,success
39919,success
39920,failure
39921,failure
39922,failure
39923,failure
39927,failure
39929,success
39932,failure
39937,failure
39939,failure
39940,failure
39941,success
39942,failure
39943,success
39944,success
39950,failure
39951,failure
39953,success
39955,success
39956,failure
39958,success
39960,success
39961,failure
39964,success
39970,failure
39971,failure
39973,failure
39974,success
39975,success
39976,success
39977,failure
39978,failure
39980,success
39981,success
39982,success
39983,success
39990,failure
39992,failure
39993,success
39996,failure
39998,success
39999,success
40004,failure
40007,failure
40009,failure
40010,failure
40011,failure
40012,failure
40014,success
40015,success
40016,failure
40017,success
40020,success
40022,success
40024,success
40025,failure
40026,success
40027,failure
40029,failure
40030,success
40031,failure
40038,success
40040,success
40043,failure
40044,success
40045,failure
40048,success
40049,failure
40050,success
40052,failure
40053,success
40054,failure
40055,success
40057,failure
40059,failure
40060,failure
40061,success
40062,failure
40063,failure
40064,success
40065,success
40067,failure
40069,failure
40074,failure
40075,failure
40077,failure
40078,success
40080,failure
40081,failure
40085,failure
40091,failure
40092,success
40093,failure
40095,failure
40096,success
40098,failure
40100,success
40102,failure
40103,success
40104,success
40105,success
40108,failure
40109,failure
40110,failure
40112,success
40113,success
40115,success
40116,failure
40117,success
40119,success
40122,failure
40123,success
40124,failure
40125,success
40126,success
40127,success
40128,failure
40131,success
40132,success
40134,success
40135,failure
40136,failure
40141,success
40142,failure
40146,failure
40147,failure
40151,failure
40152,failure
40153,success
40155,success
40156,success
40158,success
40159,failure
40160,success
40161,success
40163,success
40164,success
40165,failure
40166,success
40168,success
40171,success
40172,success
40173,success
40174,failure
40175,failure
40177,success
40180,failure
40183,success
40184,success
40185,failure
40188,success
40190,failure
40191,failure
40192,success
40193,success
40195,failure
40197,failure
40198,failure
40201,success
40204,success
40206,failure
40207,failure
40208,success
40210,success
40214,failure
40215,failure
40217,failure
40221,success
40223,success
40226,success
40229,success
40232,failure
40234,failure
40235,failure
40236,failure
40237,failure
40238,success
40242,success
40243,success
40244,failure
40245,failure
40246,failure
40248,failure
40249,success
40250,success
40251,failure
40257,success
40258,failure
40259,success
40260,failure
40261,success
40262,success
40264,failure
40265,failure
40270,success
40271,success
40272,success
40273,success
40274,failure
40275,success
40276,success
40278,success
40279,failure
40282,failure
40284,success
40285,failure
40286,success
40287,failure
40288,success
40291,success
40292,failure
40293,success
40294,success
40295,failure
40296,failure
40297,failure
40298,success
40300,failure
40301,success
40302,success
40305,success
40306,success
40307,failure
40308,success
40309,success
40310,failure
40313,success
40315,success
40316,failure
40317,success
40320,failure
40321,failure
40322,failure
40324,failure
40329,failure
40332,success
40334,failure
40335,failure
40336,success
40337,failure
40339,failure
40340,failure
40341,failure
40342,success
40343,failure
40346,failure
40348,failure
40349,success
40350,failure
40351,success
40352,failure
40353,failure
40356,failure
40357,failure
40358,success
40359,success
40360,success
40361,failure
40362,failure
40364,success
40365,success
40366,success
40367,failure
40368,success
40369,failure
40370,success
40371,failure
40372,success
40373,success
40375,failure
40376,success
40377,failure
40379,failure
40380,success
40381,success
40382,success
40384,success
40385,success
40386,success
40387,success
40388,failure
40389,success
40390,failure
40391,success
40395,success
40396,failure
40397,failure
40398,success
40400,failure
40403,failure
40407,failure
40412,failure
40413,success
40416,success
40417,success
40418,success
40419,success
40420,failure
40421,success
40422,failure
40423,success
40425,success
40426,failure
40431,failure
40432,failure
40433,failure
40434,success
40435,success
40436,failure
40438,failure
40439,success
40441,success
40442,success
40445,failure
40447,success
40449,failure
40450,success
40451,failure
40452,success
40454,success
40456,success
40458,success
40460,failure
40461,success
40465,success
40466,success
40467,success
40468,failure
40469,success
40470,success
40472,success
40473,success
40474,failure
40475,failure
40476,success
40477,failure
40478,success
40479,failure
40480,success
40484,success
40485,success
40487,success
40488,failure
40489,success
40490,success
40492,success
40495,success
40499,success
40501,failure
40504,success
40507,failure
40510,success
40511,failure
40514,success
40517,success
40518,failure
40519,failure
40520,success
40521,failure
40527,failure
40529,failure
40534,success
40545,failure
40546,failure
40547,failure
40548,failure
40552,success
40554,failure
40555,failure
40556,success
40558,failure
40559,success
40560,failure
40561,failure
40563,success
40565,failure
40566,success
40567,success
40571,failure
40573,success
40574,success
40575,success
40577,failure
40583,failure
40584,failure
40586,success
40587,failure
40588,failure
40589,success
40590,failure
40591,failure
40592,failure
40595,success
40596,success
40597,failure
40598,success
40600,failure
40601,success
40602,success
40604,success
40605,success
40607,success
40608,failure
40609,failure
40610,success
40611,failure
40612,failure
40613,success
40615,failure
40616,failure
40619,success
40620,failure
40622,failure
40623,failure
40624,failure
40626,failure
40627,success
40633,success
40634,failure
40637,failure
40638,success
40641,failure
40642,success
40643,success
40644,success
40645,success
40646,failure
40647,failure
40652,success
40653,success
40654,success
40655,failure
40656,success
40657,failure
40658,failure
40661,success
40663,success
40664,success
40668,success
40670,success
40671,success
40672,failure
40674,success
40675,success
40679,success
40682,failure
40683,success
40684,success
40685,success
40686,success
40687,success
40688,failure
40689,success
40690,success
40691,success
40697,success
40698,success
40699,success
40700,failure
40701,failure
40702,success
40704,failure
40709,success
40710,failure
40713,success
40714,success
40716,success
40717,failure
40718,success
40719,failure
40720,failure
40721,success
40723,success
40725,failure
40726,success
40728,success
40731,success
40732,failure
40733,failure
40734,success
40735,success
40738,success
40739,failure
40741,success
40744,success
40745,success
40747,success
40748,failure
40750,failure
40753,failure
40754,failure
40758,failure
40759,success
40766,success
40767,failure
40769,success
40770,failure
40771,failure
40772,failure
40774,success
40779,success
40780,success
40782,failure
40784,success
40785,success
40786,success
40788,failure
40789,failure
40790,failure
40791,success
40794,success
40796,failure
40797,success
40799,success
40800,failure
40803,success
40804,failure
40806,failure
40807,failure
40810,failure
40813,success
40815,failure
40816,failure
40818,failure
40819,success
40820,failure
40821,failure
40822,success
40825,failure
40828,success
40832,success
40834,failure
40836,success
40837,failure
40842,failure
40844,success
40845,success
40847,failure
40848,failure
40849,failure
40851,success
40853,failure
40854,success
40855,success
40857,success
40859,failure
40860,failure
40862,failure
40866,success
40870,failure
40874,success
40875,success
40876,failure
40878,failure
40879,failure
40884,success
40885,success
40886,failure
40890,failure
40891,success
40892,failure
40893,failure
40895,failure
40896,failure
40897,failure
40898,success
40899,failure
40900,failure
40901,success
40902,failure
40904,success
40906,failure
40907,success
40908,failure
40910,failure
40912,success
40913,success
40914,success
40916,failure
40917,failure
40918,success
40920,failure
40923,failure
40925,failure
40927,success
40929,success
40931,success
40932,failure
40935,failure
40936,failure
40937,failure
40938,failure
40940,success
40941,success
40942,success
40943,success
40944,failure
40945,success
40946,failure
40950,success
40951,success
40954,success
40956,success
40957,success
40958,success
40961,failure
40963,failure
40964,failure
40965,failure
40966,success
40968,success
40970,success
40971,failure
40973,success
40974,failure
40975,failure
40976,success
40977,success
40983,success
40986,success
40988,failure
40989,failure
40990,success
40991,failure
40993,success
40994,success
40995,failure
40996,failure
40999,failure
41000,failure
41001,failure
41002,failure
41003,success
41004,failure
41005,success
41006,success
41007,success
41009,success
41010,success
41011,success
41012,success
41013,success
41015,failure
41016,success
41017,success
41018,success
41020,success
41022,success
41024,success
41026,success
41027,failure
41028,failure
41029,failure
41030,success
41031,success
41032,success
41033,success
41034,success
41035,success
41036,failure
41037,success
41038,failure
41040,success
41042,success
41044,success
41045,failure
41046,failure
41047,failure
41053,success
41055,failure
41056,failure
41057,success
41058,success
41060,failure
41062,failure
41063,success
41064,success
41065,success
41066,failure
41067,failure
41068,success
41069,success
41070,failure
41073,failure
41074,failure
41077,success
41078,success
41079,success
41081,success
41082,failure
41083,failure
41084,failure
41085,failure
41086,success
41088,success
41089,success
41090,success
41092,success
41093,failure
41094,failure
41096,failure
41097,success
41098,success
41099,success
41100,success
41101,success
41102,failure
41103,failure
41104,failure
41105,failure
41106,failure
41107,failure
41108,success
41109,success
41110,success
41111,failure
41112,failure
41113,success
41114,success
41115,failure
41117,success
41118,failure
41121,failure
41124,success
41126,failure
41132,success
41133,success
41135,failure
41136,failure
41137,failure
41142,failure
41143,success
41144,failure
41147,success
41150,failure
41151,success
41153,success
41159,success
41161,failure
41162,success
41163,success
41164,success
41166,failure
41170,failure
41173,failure
41174,success
41175,failure
41178,success
41182,success
41187,failure
